00-01,11-28
00-02,29-41
01-01,42-64
01-02,65-85
第01回の質問コーナー,86-106
01-03,107-128
01-04,129-144
01-05,145-170
第02回の質問コーナー,171-192
01-05までの復習,193-216
01-06,217-239
01-07,240-246
01-08,247-266
第03回の質問コーナー,267-292
01-09,293-314
01-10,318-335
01-11_リスク最小化と近似ターゲットの証明,336-344
第04回の質問コーナー,345-361
01-12_分類タスクへの確率論的アプローチ,364-380
01-13,382-410
第05回の質問コーナー,411-428
01-14,429-451
01-15,452-470
01-16,471-480
第06回の質問コーナー,483-496
01-17_ニューラルネットワークの最適化②誤差逆伝播,497-511
01-18_学習の障壁① 非構造化データ,512-531
第07回の質問コーナー,532-539
01-19_深層モデルと表現学習,540-568
01-20_類似度と予測,569-587
01-21_カーネル法,588-602
01-22_カーネル法の補足,603-609
第08回の質問コーナー,610-623
01-23_大規模モデルと記憶と予測,624-638
01-24_学習の障壁②次元の呪い,639-654
01-25_類似度と表現学習（アプローチとタスク）,655-667
01-26_類似度と表現学習（学習戦略①）,668-677
第09回の質問コーナー,678-690
01-27_類似度と表現学習（学習戦略②）,692-704
02-01_コンピュータービジョン,705-726
02-02_画像を入力とするモデルの基礎,727-744
02-03_画像を出力とするモデルの基礎（録画なし）,746-757
第10回の質問コーナー,758-769
02-04_自然言語処理（Natural Language Processing）,770-796
02-05_トークン化,797-804
02-06_離散的なトークンの扱い,805-816
第11回の質問コーナー,817-822
02-07_トークンの系列の扱い,828-856
02-08_生成タスクの学習,857-866
02-09_生成タスクへの自己回帰型アプローチ,867-877
02-10_生成タスクへの潜在変数型アプローチ,878-890
02-11_生成タスクへの潜在変数型アプローチ①（VAE）（録画なし）,892-906
第12回の質問コーナー,907-913
02-12_言語モデルの大規模化,916-926
02-13_大規模言語モデルとプロンプトによる制御,927-936
02-14_思考モデル,937-943
02-15_エージェント,944-954
02-16_マルチモーダルモデル,955-964
02-17_大規模言語モデルのアラインメント（録画なし）,966-977
02-18_大規模言語モデルの訓練方法（概要）（録画なし）,978-989
02-19_大規模言語モデルの訓練方法（詳細）（録画なし）,990-1017
第13回の質問コーナー,1018-1023
03-01_第III部_発展編_前置き,1026-1030
03-02_AIと社会①：生産性・雇用・スキル,1031-1040
03-03_AIと社会②：倫理・安全・ガバナンス,1041-1081
03-04_AIと社会③：AI関連法規・AI関連市場,1082-1102
この講義で扱わなかったトピックス,1107-1116
分布シフト,1618-1628
クラス不均衡,1629-1659
